2025-06-27T11:10:34.026407,gesture,Thumbs Up gesture triggered LED on
2025-06-27T11:10:44.161831,gesture,Thumbs Up gesture triggered LED on
2025-06-27T11:10:53.806161,gesture,Thumbs Up gesture triggered LED on
2025-06-27T11:11:03.411126,gesture,No action mapped for gesture: Victory
2025-06-27T11:11:06.720850,gesture,No action mapped for gesture: Victory
2025-06-27T11:11:09.637632,gesture,No action mapped for gesture: Victory
2025-06-27T11:11:34.397676,gesture,Thumbs Up gesture triggered LED on
2025-06-27T11:11:38.556935,gesture,Thumbs Up gesture triggered LED on
2025-06-27T11:11:42.366163,gesture,No action mapped for gesture: Victory
2025-06-27T11:11:45.302201,gesture,No action mapped for gesture: Victory
2025-06-27T11:11:59.202614,gesture,No action mapped for gesture: Victory
2025-06-27T11:15:52.469222,gesture,No action mapped for gesture: Victory
2025-06-27T11:15:55.392735,gesture,No action mapped for gesture: Victory
2025-06-27T11:15:59.618430,gesture,Thumbs Up gesture triggered LED on
2025-06-27T11:16:03.656698,gesture,Thumbs Up gesture triggered LED on
2025-06-27T11:16:06.304513,gesture,Thumbs Up gesture triggered LED on
2025-06-27T11:16:17.888997,gesture,Thumbs Up gesture triggered LED on
2025-06-27T11:16:19.993207,gesture,Thumbs Up gesture triggered LED on
2025-06-27T11:16:27.051530,gesture,No action mapped for gesture: Victory
2025-06-27T11:16:33.065495,gesture,No action mapped for gesture: Victory
2025-06-27T11:20:31.911707,gesture,Thumbs Up gesture triggered LED on
2025-06-27T11:20:36.285484,gesture,Thumbs Up gesture triggered LED on
2025-06-27T11:20:39.311191,gesture,Thumbs Up gesture triggered LED on
2025-06-27T11:20:41.582407,gesture,Thumbs Up gesture triggered LED on
2025-06-27T11:20:52.110214,gesture,Thumbs Up gesture triggered LED on
2025-06-27T11:21:09.646250,gesture,Thumbs Up gesture triggered LED on
2025-06-27T11:40:03.479454,gesture,Thumbs Up gesture triggered LED on
2025-06-27T11:40:12.823610,gesture,Thumbs Up gesture triggered LED on
2025-06-27T11:40:19.218636,gesture,Thumbs Up gesture triggered LED on
